{
  "peers": [
    {
      "discovery_host": "add091e91a044523a1c4c8ac191ea8f7-vp0.us.blockchain.ibm.com",
      "discovery_port": 30001,
      "api_host": "add091e91a044523a1c4c8ac191ea8f7-vp0.us.blockchain.ibm.com",
      "api_port_tls": 5001,
      "api_port": 5001,
      "event_host": "add091e91a044523a1c4c8ac191ea8f7-vp0.us.blockchain.ibm.com",
      "event_port": 31001,
      "type": "peer",
      "network_id": "add091e91a044523a1c4c8ac191ea8f7",
      "container_id": "023468ec46e0be7e4bf8894485b051013e0e0346ae0d6f274d18616ad7762d69",
      "id": "add091e91a044523a1c4c8ac191ea8f7-vp0",
      "api_url": "http://add091e91a044523a1c4c8ac191ea8f7-vp0.us.blockchain.ibm.com:5001"
    },
    {
      "discovery_host": "add091e91a044523a1c4c8ac191ea8f7-vp3.us.blockchain.ibm.com",
      "discovery_port": 30001,
      "api_host": "add091e91a044523a1c4c8ac191ea8f7-vp3.us.blockchain.ibm.com",
      "api_port_tls": 5001,
      "api_port": 5001,
      "event_host": "add091e91a044523a1c4c8ac191ea8f7-vp3.us.blockchain.ibm.com",
      "event_port": 31001,
      "type": "peer",
      "network_id": "add091e91a044523a1c4c8ac191ea8f7",
      "container_id": "77854627677f586be673335d8fe0920672505e7009043d5299b039343743b66c",
      "id": "add091e91a044523a1c4c8ac191ea8f7-vp3",
      "api_url": "http://add091e91a044523a1c4c8ac191ea8f7-vp3.us.blockchain.ibm.com:5001"
    },
    {
      "discovery_host": "add091e91a044523a1c4c8ac191ea8f7-vp2.us.blockchain.ibm.com",
      "discovery_port": 30001,
      "api_host": "add091e91a044523a1c4c8ac191ea8f7-vp2.us.blockchain.ibm.com",
      "api_port_tls": 5001,
      "api_port": 5001,
      "event_host": "add091e91a044523a1c4c8ac191ea8f7-vp2.us.blockchain.ibm.com",
      "event_port": 31001,
      "type": "peer",
      "network_id": "add091e91a044523a1c4c8ac191ea8f7",
      "container_id": "0ad175f7893a0d15c69d8ed174259259c219f4740bb086593280cb781f35d52d",
      "id": "add091e91a044523a1c4c8ac191ea8f7-vp2",
      "api_url": "http://add091e91a044523a1c4c8ac191ea8f7-vp2.us.blockchain.ibm.com:5001"
    },
    {
      "discovery_host": "add091e91a044523a1c4c8ac191ea8f7-vp1.us.blockchain.ibm.com",
      "discovery_port": 30001,
      "api_host": "add091e91a044523a1c4c8ac191ea8f7-vp1.us.blockchain.ibm.com",
      "api_port_tls": 5001,
      "api_port": 5001,
      "event_host": "add091e91a044523a1c4c8ac191ea8f7-vp1.us.blockchain.ibm.com",
      "event_port": 31001,
      "type": "peer",
      "network_id": "add091e91a044523a1c4c8ac191ea8f7",
      "container_id": "218250d28b413c387290bdec6e72462c13b519f8248ea57ca8e12fd2474c3673",
      "id": "add091e91a044523a1c4c8ac191ea8f7-vp1",
      "api_url": "http://add091e91a044523a1c4c8ac191ea8f7-vp1.us.blockchain.ibm.com:5001"
    }
  ],
  "ca": {
    "add091e91a044523a1c4c8ac191ea8f7-ca": {
      "url": "add091e91a044523a1c4c8ac191ea8f7-ca.us.blockchain.ibm.com:30001",
      "discovery_host": "add091e91a044523a1c4c8ac191ea8f7-ca.us.blockchain.ibm.com",
      "discovery_port": 30001,
      "api_host": "add091e91a044523a1c4c8ac191ea8f7-ca.us.blockchain.ibm.com",
      "api_port_tls": 30001,
      "api_port": 30001,
      "type": "ca",
      "network_id": "add091e91a044523a1c4c8ac191ea8f7",
      "container_id": "dc99d1b208d51f6c195a43e62136da5ecca6afbf674723477cf3ddab294bc574"
    }
  },
  "users": [
    {
      "enrollId": "admin",
      "enrollSecret": "380cbe1157",
      "affiliation": "group1",
      "username": "admin",
      "secret": "380cbe1157"
    },
    {
      "enrollId": "WebAppAdmin",
      "enrollSecret": "26229359d7",
      "affiliation": "group1",
      "username": "WebAppAdmin",
      "secret": "26229359d7"
    },
    {
      "enrollId": "user_type1_0",
      "enrollSecret": "03f3ce55f4",
      "affiliation": "group1",
      "username": "user_type1_0",
      "secret": "03f3ce55f4"
    },
    {
      "enrollId": "user_type1_1",
      "enrollSecret": "b8ac791755",
      "affiliation": "group1",
      "username": "user_type1_1",
      "secret": "b8ac791755"
    },
    {
      "enrollId": "user_type1_2",
      "enrollSecret": "63eff31f36",
      "affiliation": "group1",
      "username": "user_type1_2",
      "secret": "63eff31f36"
    },
    {
      "enrollId": "user_type1_3",
      "enrollSecret": "7abcc0664a",
      "affiliation": "group1",
      "username": "user_type1_3",
      "secret": "7abcc0664a"
    },
    {
      "enrollId": "user_type1_4",
      "enrollSecret": "5b5cc5d578",
      "affiliation": "group1",
      "username": "user_type1_4",
      "secret": "5b5cc5d578"
    },
    {
      "enrollId": "user_type2_0",
      "enrollSecret": "7e18ce4b00",
      "affiliation": "group1",
      "username": "user_type2_0",
      "secret": "7e18ce4b00"
    },
    {
      "enrollId": "user_type2_1",
      "enrollSecret": "7ee6fea856",
      "affiliation": "group1",
      "username": "user_type2_1",
      "secret": "7ee6fea856"
    },
    {
      "enrollId": "user_type2_2",
      "enrollSecret": "fbe8a8195a",
      "affiliation": "group1",
      "username": "user_type2_2",
      "secret": "fbe8a8195a"
    },
    {
      "enrollId": "user_type2_3",
      "enrollSecret": "8bb4c7cfd1",
      "affiliation": "group1",
      "username": "user_type2_3",
      "secret": "8bb4c7cfd1"
    },
    {
      "enrollId": "user_type2_4",
      "enrollSecret": "be58a16801",
      "affiliation": "group1",
      "username": "user_type2_4",
      "secret": "be58a16801"
    },
    {
      "enrollId": "user_type4_0",
      "enrollSecret": "1e353bb060",
      "affiliation": "group1",
      "username": "user_type4_0",
      "secret": "1e353bb060"
    },
    {
      "enrollId": "user_type4_1",
      "enrollSecret": "d89845d16a",
      "affiliation": "group1",
      "username": "user_type4_1",
      "secret": "d89845d16a"
    },
    {
      "enrollId": "user_type4_2",
      "enrollSecret": "337e54ce90",
      "affiliation": "group1",
      "username": "user_type4_2",
      "secret": "337e54ce90"
    },
    {
      "enrollId": "user_type4_3",
      "enrollSecret": "333d5a0aad",
      "affiliation": "group1",
      "username": "user_type4_3",
      "secret": "333d5a0aad"
    },
    {
      "enrollId": "user_type4_4",
      "enrollSecret": "6e481b8e3f",
      "affiliation": "group1",
      "username": "user_type4_4",
      "secret": "6e481b8e3f"
    },
    {
      "enrollId": "user_type8_0",
      "enrollSecret": "da0dbd63af",
      "affiliation": "group1",
      "username": "user_type8_0",
      "secret": "da0dbd63af"
    },
    {
      "enrollId": "user_type8_1",
      "enrollSecret": "d6f71b5e22",
      "affiliation": "group1",
      "username": "user_type8_1",
      "secret": "d6f71b5e22"
    },
    {
      "enrollId": "user_type8_2",
      "enrollSecret": "5ddc2e41ca",
      "affiliation": "group1",
      "username": "user_type8_2",
      "secret": "5ddc2e41ca"
    },
    {
      "enrollId": "user_type8_3",
      "enrollSecret": "e2d774014b",
      "affiliation": "group1",
      "username": "user_type8_3",
      "secret": "e2d774014b"
    },
    {
      "enrollId": "user_type8_4",
      "enrollSecret": "7dd5611b61",
      "affiliation": "group1",
      "username": "user_type8_4",
      "secret": "7dd5611b61"
    }
  ],
  "cert": "https://blockchain-certs.mybluemix.net/us.blockchain.ibm.com.cert",
  "cert_path": "/certs/peer/cert.pem"
}